{"cameraMode":{"drawMode":0,"name":"Shaded","section":"Shading Mode"},"sceneLighting":true,"audioPlay":false,"sceneViewState":{"showFog":true,"showMaterialUpdate":false,"showSkybox":true,"showFlares":true,"showImageEffects":true,"showParticleSystems":true},"in2DMode":false,"pivot":{"x":-0.0988309234380722,"y":0.024158507585525514,"z":-1.9114484786987305},"rotation":{"x":-0.014633281156420708,"y":0.9848896265029907,"z":-0.10559767484664917,"w":-0.13648229837417603},"size":2.900002956390381,"orthographic":false}