{"cameraMode":{"drawMode":0,"name":"Shaded","section":"Shading Mode"},"sceneLighting":true,"audioPlay":false,"sceneViewState":{"showFog":true,"showMaterialUpdate":false,"showSkybox":true,"showFlares":true,"showImageEffects":true,"showParticleSystems":true},"in2DMode":false,"pivot":{"x":74.55950927734375,"y":103.11172485351563,"z":179.57717895507813},"rotation":{"x":-0.1393921971321106,"y":0.8068476319313049,"z":-0.2105921357870102,"w":-0.5340577363967896},"size":776.9141845703125,"orthographic":false}