{"cameraMode":{"drawMode":0,"name":"Shaded","section":"Shading Mode"},"sceneLighting":true,"audioPlay":false,"sceneViewState":{"showFog":true,"showMaterialUpdate":false,"showSkybox":true,"showFlares":true,"showImageEffects":true,"showParticleSystems":true},"in2DMode":false,"pivot":{"x":394.1668701171875,"y":403.72412109375,"z":210.56414794921876},"rotation":{"x":0.20289142429828645,"y":0.0029336903244256975,"z":-0.0006080403691157699,"w":0.9791966676712036},"size":891.4029541015625,"orthographic":false}